PLZ_ID,pdb_id,structure_source,structure_method,resolution,source_file_path
efbb5e2435,4B2N,RCSB_PDB,X-RAY DIFFRACTION,1.8 Å,pdb/4B2N.pdb
b73db43ed5,5O1L,RCSB_PDB,X-RAY DIFFRACTION,1.48 Å,pdb/5O1L.pdb
c58f3ad242,3AXG,RCSB_PDB,X-RAY DIFFRACTION,2.0 Å,pdb/3AXG.pdb
f9e5478243,2ZLY,RCSB_PDB,X-RAY DIFFRACTION,1.58 Å,pdb/2ZLY.pdb
c3284e015c,5XYO,RCSB_PDB,X-RAY DIFFRACTION,2.0 Å,pdb/5XYO.pdb
8590497fdb,3AXG,RCSB_PDB,X-RAY DIFFRACTION,2.0 Å,pdb/3AXG.pdb
a0954edf8c,3A2P,RCSB_PDB,X-RAY DIFFRACTION,1.9 Å,pdb/3A2P.pdb
a0954edf8c,3A2Q,RCSB_PDB,X-RAY DIFFRACTION,1.8 Å,pdb/3A2Q.pdb
ebb1e4fd55,5AH1,RCSB_PDB,X-RAY DIFFRACTION,1.2 Å,pdb/5AH1.pdb
163307ae0e,5LUI,RCSB_PDB,X-RAY DIFFRACTION,1.5 Å,pdb/5LUI.pdb
da71e6ad8a,7VPA,RCSB_PDB,X-RAY DIFFRACTION,2.35 Å,pdb/7VPA.pdb
563b0fac8b,7VMD,RCSB_PDB,X-RAY DIFFRACTION,1.69 Å,pdb/7VMD.pdb
2100ce8ee6,3VIS,RCSB_PDB,X-RAY DIFFRACTION,1.76 Å,pdb/3VIS.pdb
341379cf7a,4OYY,RCSB_PDB,X-RAY DIFFRACTION,3.0 Å,pdb/4OYY.pdb
341379cf7a,4OYL,RCSB_PDB,X-RAY DIFFRACTION,2.05 Å,pdb/4OYL.pdb
cafcfe03da,8C65,RCSB_PDB,X-RAY DIFFRACTION,1.491 Å,pdb/8C65.pdb
0ea7e098ff,7CC4,RCSB_PDB,X-RAY DIFFRACTION,2.0 Å,pdb/7CC4.pdb
866554aa77,7QJQ,RCSB_PDB,X-RAY DIFFRACTION,1.64 Å,pdb/7QJQ.pdb
3802c03734,7QJT,RCSB_PDB,X-RAY DIFFRACTION,1.78 Å,pdb/7QJT.pdb
75d1d6dced,4CG1,RCSB_PDB,X-RAY DIFFRACTION,1.4 Å,pdb/4CG1.pdb
906ec17d8c,4CG1,RCSB_PDB,X-RAY DIFFRACTION,1.4 Å,pdb/4CG1.pdb
6705dda016,2FX5,RCSB_PDB,X-RAY DIFFRACTION,1.8 Å,pdb/2FX5.pdb
6705dda016,2FX5,RCSB_PDB,X-RAY DIFFRACTION,1.8 Å,pdb/2FX5.pdb
6409ea9daa,4CG1,RCSB_PDB,X-RAY DIFFRACTION,1.4 Å,pdb/4CG1.pdb
f36e94e4cd,8A2C,RCSB_PDB,X-RAY DIFFRACTION,1.6 Å,pdb/8A2C.pdb
4a33bf07ab,7QJP,RCSB_PDB,X-RAY DIFFRACTION,1.561 Å,pdb/7QJP.pdb
84feca3a14,4CG1,RCSB_PDB,X-RAY DIFFRACTION,1.4 Å,pdb/4CG1.pdb
ce1110707a,5LUJ,RCSB_PDB,X-RAY DIFFRACTION,2.2 Å,pdb/5LUJ.pdb
0587836e7f,5LUI,RCSB_PDB,X-RAY DIFFRACTION,1.5 Å,pdb/5LUI.pdb
a07f81ab9e,7CWG,RCSB_PDB,X-RAY DIFFRACTION,2.8 Å,pdb/7CWG.pdb
9b005da363,4CG1,RCSB_PDB,X-RAY DIFFRACTION,1.4 Å,pdb/4CG1.pdb
9b005da363,5ZOA,RCSB_PDB,X-RAY DIFFRACTION,1.537 Å,pdb/5ZOA.pdb
57a9cf2b6e,7DZT,RCSB_PDB,X-RAY DIFFRACTION,2.35 Å,pdb/7DZT.pdb
00fab94b93,8SPK,RCSB_PDB,X-RAY DIFFRACTION,1.6 Å,pdb/8SPK.pdb
6e7f13c84a,7VPA,RCSB_PDB,X-RAY DIFFRACTION,2.35 Å,pdb/7VPA.pdb
3b0207ec4f,7VMD,RCSB_PDB,X-RAY DIFFRACTION,1.69 Å,pdb/7VMD.pdb
7165b2c2f3,5XFY,RCSB_PDB,X-RAY DIFFRACTION,1.4 Å,pdb/5XFY.pdb
fea5f92c2f,8C65,RCSB_PDB,X-RAY DIFFRACTION,1.491 Å,pdb/8C65.pdb
8fd8c71895,8B4U,RCSB_PDB,X-RAY DIFFRACTION,1.71 Å,pdb/8B4U.pdb
0a0da03236,8AIS,RCSB_PDB,X-RAY DIFFRACTION,1.56 Å,pdb/8AIS.pdb
4c0dc053e3,8AIT,RCSB_PDB,X-RAY DIFFRACTION,1.24 Å,pdb/8AIT.pdb
2cbb6fa0a4,1AGY,RCSB_PDB,X-RAY DIFFRACTION,1.15 Å,pdb/1AGY.pdb
ca79aac6d2,5AJH,RCSB_PDB,X-RAY DIFFRACTION,1.9 Å,pdb/5AJH.pdb
da03ff6a1f,1TCA,RCSB_PDB,X-RAY DIFFRACTION,1.55 Å,pdb/1TCA.pdb
bd7ef0ab46,8AIR,RCSB_PDB,X-RAY DIFFRACTION,1.08 Å,pdb/8AIR.pdb
59c3ac884c,7YM9,RCSB_PDB,X-RAY DIFFRACTION,1.34 Å,pdb/7YM9.pdb
59c3ac884c,7YME,RCSB_PDB,X-RAY DIFFRACTION,1.5 Å,pdb/7YME.pdb
ba1370eff7,7Z6B,RCSB_PDB,X-RAY DIFFRACTION,1.4 Å,pdb/7Z6B.pdb
fa0bd8f4c6,5XFY,RCSB_PDB,X-RAY DIFFRACTION,1.4 Å,pdb/5XFY.pdb
ba04d67a0c,6SBN,RCSB_PDB,X-RAY DIFFRACTION,1.09 Å,pdb/6SBN.pdb
28e0c597d2,7ECB,RCSB_PDB,X-RAY DIFFRACTION,1.83 Å,pdb/7ECB.pdb
91351ca686,6JTT,RCSB_PDB,X-RAY DIFFRACTION,2.51 Å,pdb/6JTT.pdb
222a0eb1a0,7EOA,RCSB_PDB,X-RAY DIFFRACTION,1.24 Å,pdb/7EOA.pdb
0e5551e3cc,4WFI,RCSB_PDB,X-RAY DIFFRACTION,1.446 Å,pdb/4WFI.pdb
91158a9f29,7NEI,RCSB_PDB,X-RAY DIFFRACTION,1.3 Å,pdb/7NEI.pdb
91158a9f29,7NEI,RCSB_PDB,X-RAY DIFFRACTION,1.3 Å,pdb/7NEI.pdb
91158a9f29,7CUV,RCSB_PDB,X-RAY DIFFRACTION,1.45 Å,pdb/7CUV.pdb
91158a9f29,7NEI,RCSB_PDB,X-RAY DIFFRACTION,1.3 Å,pdb/7NEI.pdb
91158a9f29,7W69,RCSB_PDB,X-RAY DIFFRACTION,1.56 Å,pdb/7W69.pdb
fc7a9b40c6,4WFK,RCSB_PDB,X-RAY DIFFRACTION,2.35 Å,pdb/4WFK.pdb
cad79d6541,7PZJ,RCSB_PDB,X-RAY DIFFRACTION,2.1 Å,pdb/7PZJ.pdb
ee302712eb,7YKO,RCSB_PDB,X-RAY DIFFRACTION,1.15 Å,pdb/7YKO.pdb
6c598a08cc,7QJO,RCSB_PDB,X-RAY DIFFRACTION,1.933 Å,pdb/7QJO.pdb
1673038e62,6AID,RCSB_PDB,X-RAY DIFFRACTION,1.3 Å,pdb/6AID.pdb
aef0b24815,7QJM,RCSB_PDB,X-RAY DIFFRACTION,2.19 Å,pdb/7QJM.pdb
aef0b24815,7QJM,RCSB_PDB,X-RAY DIFFRACTION,2.19 Å,pdb/7QJM.pdb
03e0eb2320,4OYY,RCSB_PDB,X-RAY DIFFRACTION,3.0 Å,pdb/4OYY.pdb
03e0eb2320,4OYL,RCSB_PDB,X-RAY DIFFRACTION,2.05 Å,pdb/4OYL.pdb
3251320be6,2D81,RCSB_PDB,X-RAY DIFFRACTION,1.66 Å,pdb/2D81.pdb
454f96425d,4BTV,RCSB_PDB,X-RAY DIFFRACTION,1.594 Å,pdb/4BTV.pdb
996508e56e,2D80,RCSB_PDB,X-RAY DIFFRACTION,1.7 Å,pdb/2D80.pdb
b976d89166,5D8M,RCSB_PDB,X-RAY DIFFRACTION,1.95 Å,pdb/5D8M.pdb
208d6ef2c0,5LUJ,RCSB_PDB,X-RAY DIFFRACTION,2.2 Å,pdb/5LUJ.pdb
63bef039bc,5LUI,RCSB_PDB,X-RAY DIFFRACTION,1.5 Å,pdb/5LUI.pdb
bec89b1c7b,7CY3,RCSB_PDB,X-RAY DIFFRACTION,1.27 Å,pdb/7CY3.pdb
41cce49ced,2CZQ,RCSB_PDB,X-RAY DIFFRACTION,1.05 Å,pdb/2CZQ.pdb
360413121e,1CSE,RCSB_PDB,X-RAY DIFFRACTION,1.2 Å,pdb/1CSE.pdb
94e8157fc2,7CC4,RCSB_PDB,X-RAY DIFFRACTION,2.0 Å,pdb/7CC4.pdb
cceac56d17,8C4X,RCSB_PDB,X-RAY DIFFRACTION,1.52 Å,pdb/8C4X.pdb
0ceccec9cc,4PSU,RCSB_PDB,X-RAY DIFFRACTION,2.2 Å,pdb/4PSU.pdb
a92dae508e,3VIS,RCSB_PDB,X-RAY DIFFRACTION,1.76 Å,pdb/3VIS.pdb
f6a0e986e5,4CG1,RCSB_PDB,X-RAY DIFFRACTION,1.4 Å,pdb/4CG1.pdb
076eb0f3c5,1CRL,RCSB_PDB,X-RAY DIFFRACTION,2.06 Å,pdb/1CRL.pdb
3ec22ba0a0,1TCA,RCSB_PDB,X-RAY DIFFRACTION,1.55 Å,pdb/1TCA.pdb
c2af84ff2d,8WV2,RCSB_PDB,X-RAY DIFFRACTION,2.66 Å,pdb/8WV2.pdb
42b95295f2,7YKO,RCSB_PDB,X-RAY DIFFRACTION,1.15 Å,pdb/7YKO.pdb
a74243e772,3WLA,RCSB_PDB,X-RAY DIFFRACTION,1.9 Å,pdb/3WLA.pdb
1937e85c8a,3WL5,RCSB_PDB,X-RAY DIFFRACTION,1.6 Å,pdb/3WL5.pdb
0f91408247,7Q04,RCSB_PDB,X-RAY DIFFRACTION,2.281 Å,pdb/7Q04.pdb
5ba8e169db,7Q04,RCSB_PDB,X-RAY DIFFRACTION,2.281 Å,pdb/7Q04.pdb
d6d22e6e3e,2PIA,RCSB_PDB,X-RAY DIFFRACTION,2.0 Å,pdb/2PIA.pdb
